date,high,avg,low,high,avg,low,high,avg,low,high,avg,low,high,avg,low,high,avg,high,sum,
2017-01-01,0,-3,-7,-4,-6,-8,100,89,64,1027,1025,1023,1,1,0,11,5,-,0,"Юэ , жабЉ"
2017-01-02,9,0,-9,-3,-8,-13,93,64,20,1028,1025,1024,8,3,0,18,8,-,0,Юэ
2017-01-03,9,0,-9,-3,-7,-10,93,72,27,1025,1023,1020,6,3,0,14,3,-,0,Юэ
2017-01-04,6,-2,-9,-1,-5,-10,100,81,49,1029,1026,1025,4,2,0,11,5,-,0,Юэ
2017-01-05,4,0,-4,-1,-3,-7,100,78,41,1033,1031,1029,5,2,0,14,8,-,0,"Юэ , жабЉ"
2017-01-06,6,0,-6,-2,-4,-7,93,75,38,1030,1027,1025,4,2,2,6,3,-,0,
2017-01-07,4,1,-1,1,-2,-4,100,84,44,1025,1024,1023,3,2,0,11,5,-,0.25,"жагъ , жабЉ"
2017-01-08,7,3,-1,0,-9,-13,93,43,21,1025,1022,1019,31,11,0,40,18,47,0,Юэ
2017-01-09,5,1,-4,-7,-12,-15,74,38,14,1029,1026,1023,31,20,2,32,19,50,0,
2017-01-10,4,-1,-8,-9,-17,-20,64,28,6,1032,1029,1025,31,22,6,32,18,55,0,
2017-01-11,7,-2,-11,-10,-13,-16,79,43,14,1029,1025,1022,6,4,2,35,6,55,0,
2017-01-12,7,-1,-9,-9,-12,-15,79,41,13,1024,1021,1017,26,9,3,29,11,50,0,
2017-01-13,3,-1,-4,-15,-21,-27,36,20,5,1030,1025,1021,31,30,29,43,27,61,0,
2017-01-14,3,-3,-9,-7,-19,-24,80,31,4,1037,1033,1030,31,25,14,18,10,-,0,
2017-01-15,0,-3,-7,-7,-8,-10,86,70,41,1037,1033,1030,16,10,3,14,6,32,0,жабЉ
2017-01-16,0,-2,-3,-5,-7,-8,80,69,44,1034,1032,1031,8,5,3,6,5,-,0,жабЉ
2017-01-17,3,-2,-7,-5,-7,-10,86,66,38,1034,1031,1028,6,4,2,11,5,-,0,
2017-01-18,2,-3,-8,-9,-15,-18,80,40,13,1035,1033,1030,23,10,3,21,10,-,0,
2017-01-19,-1,-4,-8,-5,-16,-25,93,44,8,1037,1031,1027,31,8,3,58,19,84,0,жабЉ
2017-01-20,0,-7,-13,-18,-21,-23,52,31,8,1037,1034,1029,31,25,8,29,14,40,0,
2017-01-21,1,-6,-12,-16,-21,-25,67,31,6,1036,1031,1027,31,23,3,43,14,61,0,
2017-01-22,0,-6,-12,-16,-20,-23,58,33,10,1037,1035,1033,29,18,6,18,10,26,0,
2017-01-23,0,-7,-14,-14,-17,-20,67,43,11,1037,1035,1033,24,10,3,14,6,-,0,
2017-01-24,3,-6,-13,-11,-14,-18,85,48,15,1039,1037,1035,8,6,3,11,5,21,0,
2017-01-25,3,-3,-10,-8,-11,-14,80,59,26,1035,1032,1027,8,5,2,6,5,-,0,
2017-01-26,9,1,-6,-6,-11,-18,86,50,10,1033,1024,1020,31,5,0,64,13,87,0,
2017-01-27,4,-3,-10,-13,-16,-18,57,32,10,1034,1030,1025,31,13,3,35,18,-,0,
2017-01-28,2,-3,-7,-6,-10,-14,86,56,29,1024,1022,1019,5,4,2,6,5,-,0,
2017-01-29,1,-2,-5,-6,-18,-24,80,30,7,1038,1030,1022,31,15,2,47,23,55,0,
2017-01-30,1,-7,-15,-21,-24,-29,56,21,4,1041,1037,1032,31,23,8,29,14,-,0,
2017-01-31,6,-1,-7,-17,-21,-24,39,21,4,1033,1029,1025,31,8,3,14,8,26,0,
2017-02-01,4,-2,-7,-16,-21,-25,49,23,4,1040,1037,1034,31,25,6,21,11,29,0,
2017-02-02,5,-3,-12,-14,-18,-22,62,34,7,1035,1030,1026,14,7,2,14,6,-,0,
2017-02-03,6,-2,-9,-8,-14,-17,63,40,12,1026,1023,1020,8,5,2,11,5,26,0,
2017-02-04,9,2,-5,-4,-8,-13,69,45,15,1021,1019,1015,31,3,0,21,5,26,0,
2017-02-05,9,2,-5,-10,-16,-19,68,24,5,1027,1022,1020,31,30,27,29,14,55,0,
2017-02-06,5,1,-3,-14,-17,-22,43,24,8,1035,1032,1028,31,26,8,21,13,-,0,
2017-02-07,2,-1,-5,-6,-9,-14,80,56,23,1033,1031,1030,14,8,3,11,5,-,0,жабЉ
2017-02-08,5,-1,-6,-7,-15,-22,80,39,8,1033,1031,1029,31,12,3,47,16,64,0,
2017-02-09,3,-1,-4,-18,-21,-25,31,22,5,1032,1029,1026,31,31,31,50,32,68,0,
2017-02-10,5,0,-4,-18,-22,-25,29,17,4,1032,1029,1027,31,29,21,43,26,61,0,
2017-02-11,9,1,-7,-14,-18,-22,46,23,6,1030,1028,1025,31,23,8,21,11,-,0,
2017-02-12,10,1,-8,-10,-13,-15,63,38,10,1028,1027,1024,7,5,3,14,5,29,0,
2017-02-13,13,3,-7,-7,-12,-16,68,38,6,1035,1031,1028,31,8,2,14,6,26,0,
2017-02-14,5,-1,-7,-3,-5,-9,93,72,44,1036,1033,1029,7,3,2,11,6,-,0,
2017-02-15,8,1,-5,-4,-6,-8,86,60,26,1028,1021,1013,4,3,2,14,8,-,0,
2017-02-16,9,4,0,-5,-11,-20,64,34,7,1030,1019,1012,31,7,2,32,16,55,0,
2017-02-17,6,0,-5,-13,-21,-27,30,17,4,1034,1030,1027,31,23,6,29,21,43,0,
2017-02-18,10,1,-7,-7,-12,-15,68,35,11,1027,1022,1014,11,7,3,18,6,-,0,
2017-02-19,15,6,-3,-4,-11,-22,75,36,4,1022,1011,1006,27,7,3,50,13,50,0,
2017-02-20,5,-1,-6,-15,-19,-22,50,21,5,1035,1031,1023,31,21,8,40,18,55,0,
2017-02-21,2,-2,-6,-3,-9,-18,93,64,13,1034,1030,1025,18,5,0,18,6,-,2.03,жабЉ
2017-02-22,7,0,-6,-2,-7,-13,93,63,17,1029,1023,1020,31,5,2,50,13,68,0,жабЉ
2017-02-23,8,1,-6,-8,-13,-16,74,31,12,1032,1028,1026,31,20,8,35,18,55,0,
2017-02-24,12,3,-5,-5,-11,-13,74,33,9,1027,1025,1022,31,17,3,32,11,58,0,
2017-02-25,14,7,0,-8,-11,-12,44,28,9,1025,1023,1019,31,27,14,26,13,43,0,
2017-02-26,13,4,-3,-6,-8,-10,74,39,13,1027,1024,1022,26,14,8,18,6,32,0,
2017-02-27,16,6,-4,-4,-7,-9,86,43,9,1024,1021,1018,13,7,3,18,6,-,0,
2017-02-28,16,9,2,-7,-11,-14,48,24,5,1021,1019,1016,31,23,6,29,13,40,0,
2017-03-01,9,3,-2,-2,-17,-23,57,19,4,1028,1024,1018,31,26,10,43,23,64,0,жагъ
2017-03-02,14,5,-4,-9,-13,-18,55,25,5,1025,1018,1013,21,12,6,18,10,29,0,
2017-03-03,14,6,-3,-3,-7,-11,74,40,12,1019,1014,1012,16,8,5,21,8,-,0,
2017-03-04,12,3,-4,-5,-8,-12,80,42,13,1020,1017,1014,10,7,3,21,5,26,0,
2017-03-05,11,6,1,-11,-13,-18,31,22,5,1026,1023,1020,31,28,23,40,18,58,0,
2017-03-06,9,2,-5,-6,-13,-19,74,32,9,1025,1021,1018,31,15,10,43,10,58,0,
2017-03-07,9,2,-4,-14,-16,-18,46,24,7,1026,1024,1021,31,31,31,43,23,61,0,
2017-03-08,14,7,-1,-12,-16,-17,24,16,4,1021,1018,1014,31,28,23,35,23,58,0,
2017-03-09,17,8,-1,-11,-15,-17,29,15,4,1016,1014,1011,31,23,10,32,16,55,0,
2017-03-10,19,8,-2,-6,-11,-15,74,24,4,1018,1016,1013,26,14,6,14,6,29,0,
2017-03-11,20,12,5,-5,-9,-13,49,23,4,1022,1018,1016,31,18,3,32,10,35,0,
2017-03-12,13,8,4,-9,-16,-24,31,16,4,1029,1026,1022,31,26,10,32,19,47,0,
2017-03-13,15,7,-2,-10,-16,-18,43,18,4,1030,1027,1023,31,27,14,14,10,-,0,
2017-03-14,17,7,-2,-6,-12,-17,55,24,4,1028,1026,1023,31,25,11,18,8,29,0,
2017-03-15,15,7,-2,-4,-7,-11,80,38,8,1028,1024,1020,18,10,6,18,6,-,0,
2017-03-16,16,8,0,-2,-4,-8,87,43,12,1021,1019,1017,10,7,3,18,8,29,0,
2017-03-17,16,11,6,2,0,-3,76,49,29,1021,1019,1017,9,5,2,18,10,-,0,
2017-03-18,19,11,3,2,-1,-7,87,47,14,1026,1023,1021,8,5,2,14,8,32,0,
2017-03-19,18,11,4,4,3,1,81,54,25,1027,1024,1021,4,3,2,18,6,-,0,
2017-03-20,13,9,6,5,2,-1,87,64,26,1027,1023,1020,8,5,2,18,6,-,0.25,жагъ
2017-03-21,14,7,1,4,-1,-8,93,55,25,1028,1024,1021,9,6,3,18,8,29,0,жагъ
2017-03-22,14,7,1,4,-1,-3,81,49,19,1021,1020,1018,8,6,2,11,6,26,0.51,жагъ
2017-03-23,10,8,6,7,3,-1,89,71,47,1027,1024,1021,8,5,0,21,8,-,2.03,жагъ
2017-03-24,6,3,1,4,2,-1,100,91,65,1025,1023,1021,10,4,2,14,6,-,5.08,"жагъ , жабЉ"
2017-03-25,14,8,1,3,-1,-8,96,58,13,1022,1021,1019,31,8,0,21,8,43,0,
2017-03-26,15,11,7,-3,-6,-8,46,31,11,1022,1021,1019,31,18,10,29,18,40,0,жагъ
2017-03-27,15,9,3,-2,-7,-11,56,30,8,1024,1022,1019,31,27,11,21,14,-,0,
2017-03-28,17,10,3,4,-1,-8,81,43,19,1022,1020,1018,14,9,5,21,10,32,0,
2017-03-29,19,11,3,5,3,1,93,60,22,1021,1019,1016,8,5,2,18,6,-,0,
2017-03-30,16,12,8,5,-1,-6,76,42,16,1029,1023,1018,11,6,2,21,10,-,0,жагъ
2017-03-31,17,10,3,1,-7,-11,54,27,7,1029,1025,1019,31,19,10,18,10,35,0,жагъ
2017-04-01,22,11,1,0,-4,-9,70,31,6,1019,1016,1012,31,17,8,21,8,40,0,
2017-04-02,24,14,4,1,-3,-7,70,35,8,1021,1018,1015,11,9,6,14,6,21,0,
2017-04-03,25,15,5,7,3,-1,81,44,13,1020,1017,1014,10,5,2,26,8,-,0,
2017-04-04,20,15,10,8,6,4,71,50,33,1016,1015,1013,19,6,2,18,8,-,0,жагъ
2017-04-05,20,16,11,10,9,7,82,64,38,1014,1012,1010,10,7,3,21,11,-,0,жагъ
2017-04-06,26,17,9,10,7,1,93,57,20,1015,1011,1008,8,5,2,26,8,-,0,
2017-04-07,17,14,12,9,6,5,77,58,38,1016,1014,1011,10,7,3,18,10,-,0,жагъ
2017-04-08,18,14,11,8,4,-4,82,50,12,1021,1017,1013,23,7,3,14,8,32,0,
2017-04-09,19,12,6,8,2,-6,93,52,18,1024,1021,1016,11,7,3,21,6,32,0,
2017-04-10,21,13,7,6,3,0,76,45,19,1016,1011,1007,11,8,6,21,8,35,0,
2017-04-11,22,14,7,6,-7,-16,76,27,4,1019,1015,1009,31,16,5,35,14,50,0,
2017-04-12,26,13,2,2,-4,-10,70,31,4,1016,1013,1009,29,15,6,21,8,43,0,
2017-04-13,20,11,3,4,-2,-9,65,35,11,1016,1010,1004,14,10,6,18,6,-,0,
2017-04-14,28,17,6,6,3,-3,87,42,7,1006,1004,1002,23,9,5,26,8,40,0,
2017-04-15,32,19,7,6,0,-8,87,32,4,1009,1007,1006,31,17,6,32,8,55,0,
2017-04-16,24,17,11,10,7,2,67,46,22,1011,1009,1006,10,5,3,18,8,35,0,
2017-04-17,26,17,9,11,5,-6,94,47,11,1007,1000,995,27,5,2,35,10,58,0,
2017-04-18,24,17,8,0,-9,-20,53,16,4,1007,1004,1000,31,21,10,55,31,76,0,
2017-04-19,16,11,7,5,2,-5,81,48,13,1012,1008,1006,23,14,10,14,6,-,0,жагъ
2017-04-20,23,13,3,7,-1,-8,93,45,5,1013,1010,1007,31,15,3,29,8,50,0,
2017-04-21,23,14,7,3,-1,-6,66,31,9,1018,1015,1012,31,28,18,26,13,40,0,
2017-04-22,27,16,5,5,0,-6,81,33,7,1013,1008,1004,23,13,10,35,14,50,0,
2017-04-23,25,19,13,5,-2,-6,55,26,8,1012,1009,1005,31,24,11,29,14,-,0,
2017-04-24,23,14,7,6,-7,-19,81,28,4,1020,1012,1009,31,18,6,47,14,64,0,
2017-04-25,20,14,7,-1,-9,-14,53,19,5,1024,1021,1019,31,27,14,21,11,-,0,
2017-04-26,24,14,6,0,-7,-12,66,23,4,1025,1022,1018,31,28,11,29,11,43,0,
2017-04-27,30,19,8,-3,-9,-13,32,12,4,1020,1013,1007,31,22,10,40,18,55,0,
2017-04-28,32,21,11,2,-4,-11,38,15,4,1008,1005,1001,31,19,6,32,11,55,0,
2017-04-29,35,23,12,8,2,-1,58,23,6,1006,1002,997,24,15,8,35,13,55,0,
2017-04-30,30,21,12,7,1,-6,72,28,7,1015,1008,1002,19,13,8,21,11,43,0,
2017-05-01,27,18,9,7,2,-2,76,33,10,1018,1016,1013,31,17,6,14,6,-,0,
2017-05-02,29,20,11,13,7,2,71,41,17,1018,1015,1013,13,8,6,18,8,-,0,
2017-05-03,27,21,15,13,10,4,77,51,18,1016,1015,1013,27,9,5,29,10,32,0.25,жагъ
2017-05-04,25,20,15,13,-2,-11,82,29,4,1017,1015,1012,11,3,2,29,13,26,0,жагъ
2017-05-05,21,18,14,8,-6,-17,49,21,4,1017,1014,1009,31,9,2,68,23,97,0,
2017-05-06,30,18,7,5,-2,-8,57,27,6,1015,1013,1009,31,18,6,35,13,58,0,
2017-05-07,32,20,8,8,1,-3,71,26,7,1016,1012,1008,31,19,6,29,10,35,0,
2017-05-08,30,21,12,10,7,0,77,39,11,1009,1007,1004,13,8,6,18,6,26,0,
2017-05-09,29,22,16,12,9,6,68,44,17,1010,1007,1004,19,15,10,26,14,43,0,
2017-05-10,33,23,13,12,8,-1,88,43,6,1008,1006,1003,31,16,6,32,10,43,0,
2017-05-11,31,21,11,9,-3,-18,76,27,4,1012,1007,1005,16,12,8,50,16,76,0,
2017-05-12,29,18,8,6,-3,-12,50,21,6,1011,1004,997,31,15,10,32,11,47,0,
2017-05-13,29,20,12,3,-2,-11,44,20,5,1011,1007,1002,31,23,10,50,21,68,0,
2017-05-14,28,23,18,7,3,-2,40,25,13,1016,1014,1011,31,29,24,18,11,-,0,
2017-05-15,28,20,12,6,2,-2,55,26,10,1017,1014,1010,31,26,6,21,8,-,0,
2017-05-16,32,23,14,10,7,4,59,34,16,1012,1006,1002,23,18,11,21,10,61,0,
2017-05-17,32,23,16,16,14,11,77,48,21,1007,1005,1002,18,13,10,14,8,-,0,
2017-05-18,36,26,17,18,15,13,82,49,24,1008,1006,1004,11,8,5,21,8,29,0,
2017-05-19,37,29,21,20,16,8,83,48,16,1008,1006,1004,16,7,5,26,10,40,0,
2017-05-20,35,28,20,17,15,12,73,45,19,1011,1009,1006,16,10,6,21,10,40,0.76,
2017-05-21,29,24,20,16,14,11,68,51,27,1012,1010,1007,16,9,6,26,11,-,0,
2017-05-22,21,18,15,16,14,12,100,80,47,1016,1013,1010,18,7,2,18,8,-,26.92,жагъ
2017-05-23,31,21,12,15,9,2,100,50,14,1016,1014,1010,31,15,3,26,8,47,0,
2017-05-24,34,23,13,13,7,-1,94,37,9,1011,1008,1004,31,22,10,32,11,47,0,
2017-05-25,30,23,17,13,9,4,72,40,12,1014,1011,1007,31,18,6,26,11,-,0,
2017-05-26,29,21,14,14,9,4,72,44,20,1013,1010,1005,19,15,11,14,8,32,0,
2017-05-27,31,23,15,17,12,6,77,47,24,1007,1005,1002,13,9,6,14,8,-,0,
2017-05-28,37,27,18,17,15,10,83,47,19,1010,1005,1003,13,6,3,32,10,55,0,жагъ
2017-05-29,27,23,19,17,13,7,88,51,22,1013,1011,1010,31,16,10,14,10,-,0,"жагъ , РзБЉ"
2017-05-30,28,23,18,17,16,12,88,67,38,1010,1007,1003,16,10,5,14,8,29,1.02,"жагъ , РзБЉ"
2017-05-31,34,24,16,18,15,12,100,57,24,1004,999,993,19,7,2,26,8,43,0,
2017-06-01,31,23,15,13,7,2,88,36,13,1006,1004,1001,31,24,11,21,10,-,0,
2017-06-02,22,18,14,11,8,6,72,46,28,1013,1007,1004,27,19,10,21,13,35,0,жагъ
2017-06-03,28,19,11,10,8,4,94,47,16,1014,1011,1008,31,18,8,18,6,43,0,
2017-06-04,33,23,13,12,8,5,82,38,12,1011,1010,1008,23,14,8,18,8,32,0,
2017-06-05,29,23,17,13,10,6,68,38,17,1013,1011,1010,23,9,6,29,6,47,1.02,жагъ
2017-06-06,22,19,16,15,14,12,94,80,53,1013,1010,1008,18,9,3,21,10,26,2.03,жагъ
2017-06-07,32,23,14,15,12,6,94,55,19,1009,1007,1005,27,8,3,26,8,50,0,жагъ
2017-06-08,35,24,14,13,10,5,88,43,11,1008,1005,1002,27,14,6,32,8,35,0,жагъ
2017-06-09,39,27,15,14,9,4,88,38,7,1006,1002,998,26,18,11,32,11,55,0,
2017-06-10,30,23,17,9,3,-2,59,27,8,1010,1008,1007,31,26,14,21,10,35,0,
2017-06-11,30,22,15,15,6,1,59,32,10,1011,1010,1008,31,20,14,18,6,-,0.51,жагъ
2017-06-12,27,22,17,12,7,3,60,37,16,1015,1013,1010,19,16,10,18,8,-,0,жагъ
2017-06-13,27,21,16,16,12,9,89,52,34,1016,1015,1013,14,11,6,18,6,35,10.92,жагъ
2017-06-14,37,26,16,16,11,6,92,42,11,1014,1010,1007,31,17,3,21,8,47,0,
2017-06-15,39,28,18,13,10,5,73,31,9,1008,1006,1003,23,14,10,26,8,35,0,
2017-06-16,39,29,19,15,11,7,73,31,11,1006,1004,1002,14,11,6,29,11,43,0,
2017-06-17,36,30,24,15,13,11,50,33,16,1005,1003,1001,11,9,6,26,13,-,0,
2017-06-18,35,29,23,21,15,12,78,45,19,1004,1002,999,13,9,6,26,11,43,0.51,"жагъ , РзБЉ"
2017-06-19,36,28,20,18,14,10,83,46,14,1004,1001,998,29,14,10,26,11,35,0,
2017-06-20,34,27,20,18,14,12,73,44,21,1005,1002,999,31,24,18,14,10,35,0,
2017-06-21,32,27,22,21,17,15,83,55,34,1007,1004,1002,31,10,6,32,10,50,0.76,"жагъ , РзБЉ"
2017-06-22,24,21,19,20,19,16,100,89,61,1008,1007,1006,13,6,2,18,8,-,30.99,жагъ
2017-06-23,22,20,18,19,18,17,100,93,74,1007,1005,1004,14,8,2,32,11,-,30.99,"жагъ , РзБЉ"
2017-06-24,27,23,19,19,17,15,100,73,46,1005,1004,1003,23,11,8,18,11,-,3.05,жагъ
2017-06-25,31,24,17,19,17,15,100,69,27,1006,1004,1003,24,12,3,21,6,-,0,"жагъ , РзБЉ"
2017-06-26,35,28,20,20,17,14,88,56,23,1007,1006,1004,31,18,8,18,10,-,0,
2017-06-27,35,28,22,21,19,16,83,59,24,1007,1005,1003,23,7,2,18,8,32,0,
2017-06-28,34,29,23,23,21,19,83,63,34,1007,1006,1004,9,5,2,14,6,-,0,жагъ
2017-06-29,34,28,23,23,21,18,83,59,38,1007,1005,1003,19,6,2,18,10,40,0,жагъ
2017-06-30,35,29,24,23,21,19,78,59,35,1005,1003,1000,10,6,5,18,8,-,0,
2017-07-01,36,31,27,23,22,19,74,59,29,1003,1001,999,8,6,3,18,8,32,0,
2017-07-02,34,29,24,24,21,18,83,62,35,1004,1002,1001,18,6,2,18,10,-,0,
2017-07-03,32,28,24,23,22,21,89,71,48,1005,1004,1002,13,7,3,11,8,-,0,жагъ
2017-07-04,29,26,22,24,22,19,100,83,56,1008,1006,1005,11,6,2,18,8,-,22.1,"жагъ , РзБЉ"
2017-07-05,32,28,24,25,23,21,94,76,51,1009,1007,1005,10,5,3,18,6,-,0,
2017-07-06,27,24,22,24,22,20,100,88,69,1007,1004,1001,8,4,0,32,10,50,22.1,"жагъ , РзБЉ"
2017-07-07,33,27,20,24,21,16,100,72,37,1002,997,994,24,8,3,40,13,72,3.05,"жагъ , РзБЉ"
2017-07-08,32,26,19,26,22,18,100,76,52,1000,998,996,16,10,3,18,8,35,0,"жагъ , РзБЉ"
2017-07-09,37,31,25,27,22,15,89,65,27,999,998,995,24,6,2,35,8,55,0,РзБЉ
2017-07-10,38,30,22,22,19,12,88,55,18,999,998,996,31,21,11,29,11,-,0,
2017-07-11,34,28,22,25,22,19,94,67,35,1001,1000,999,14,9,6,11,6,-,0,жагъ
2017-07-12,35,30,25,27,24,19,100,68,42,1003,1001,1000,13,7,5,18,8,-,0,
2017-07-13,36,31,21,27,26,19,94,70,38,1002,999,997,18,9,4,55,11,72,0,"жагъ , БљБЂ , РзБЉ"
2017-07-14,34,28,23,27,23,18,94,74,41,1006,1002,997,31,12,8,26,10,43,0.51,"жагъ , РзБЉ"
2017-07-15,32,28,24,26,23,22,100,80,46,1008,1006,1004,14,10,6,21,13,-,0.51,"жагъ , РзБЉ"
2017-07-16,34,29,25,26,24,22,100,77,42,1009,1008,1006,10,5,2,14,5,-,0,
2017-07-17,33,29,25,25,24,23,94,77,46,1009,1008,1007,10,7,5,14,6,-,0,
2017-07-18,32,29,26,26,25,23,94,84,52,1008,1006,1003,10,5,2,29,8,-,0.25,жагъ
2017-07-19,32,29,26,26,25,24,94,78,54,1003,1002,1000,8,5,2,11,6,-,0,
2017-07-20,34,30,26,28,27,24,100,84,59,1002,1000,998,6,4,2,11,6,-,10.92,жагъ
2017-07-21,27,24,22,25,22,19,100,92,75,1011,1007,1001,21,9,1,21,10,40,3.05,"жагъ , РзБЉ"
2017-07-22,28,24,22,22,21,18,89,77,50,1011,1009,1008,21,11,10,14,6,-,0,
2017-07-23,29,26,23,24,22,20,94,82,60,1009,1005,1003,14,9,2,6,5,26,0,
2017-07-24,29,27,24,25,23,22,94,84,61,1008,1005,1003,23,10,2,11,6,-,0,жагъ
2017-07-25,30,27,23,23,22,18,94,72,46,1010,1008,1007,26,14,6,18,8,-,0,
2017-07-26,25,22,20,22,19,16,100,82,55,1009,1007,1005,27,12,6,21,6,-,1.02,жагъ
2017-07-27,30,25,20,24,21,18,100,80,44,1010,1007,1005,11,8,6,14,6,21,0,
2017-07-28,31,27,23,23,21,18,94,71,38,1013,1012,1010,26,16,3,14,6,-,0,
2017-07-29,30,25,20,22,20,18,100,73,45,1011,1008,1006,31,15,2,21,6,35,0,жагъ
2017-07-30,31,24,19,21,19,18,100,71,41,1006,1005,1003,16,9,6,14,6,-,0,
2017-07-31,32,26,21,23,22,21,100,74,42,1007,1006,1005,8,5,2,14,6,-,0,
2017-08-01,32,29,25,25,23,22,94,76,49,1008,1007,1005,13,6,2,14,8,-,0,
2017-08-02,31,28,24,26,24,23,100,85,58,1006,1003,999,16,8,0,18,6,-,66.04,"жагъ , РзБЉ"
2017-08-03,37,30,24,26,23,19,100,69,35,999,995,994,31,11,6,18,13,47,0,"жагъ , РзБЉ"
2017-08-04,38,31,25,26,21,16,100,61,23,1002,1000,998,31,11,2,32,8,55,0,
2017-08-05,34,28,23,24,22,19,94,72,39,1004,1001,1000,26,11,3,26,8,43,5.08,"жагъ , РзБЉ"
2017-08-06,36,29,22,24,19,13,100,61,18,1002,1000,998,31,14,5,21,6,40,0,
2017-08-07,36,29,22,22,19,14,83,54,25,1002,1000,998,31,26,14,18,8,-,0,
2017-08-08,36,28,20,24,22,18,100,68,32,1000,998,996,27,11,6,43,6,61,1.02,"жагъ , РзБЉ"
2017-08-09,30,26,21,23,21,19,100,80,50,999,998,996,21,11,5,11,6,-,0,жагъ
2017-08-10,32,27,22,24,23,22,100,77,54,1001,999,998,8,5,2,14,6,-,0,
2017-08-11,32,26,21,26,23,17,94,80,45,1006,1003,1001,27,5,2,26,8,50,4.06,"жагъ , РзБЉ"
2017-08-12,24,22,21,22,21,20,100,91,81,1010,1008,1005,10,8,2,21,8,29,46.99,"жагъ , РзБЉ"
2017-08-13,31,26,22,24,22,20,100,86,60,1009,1008,1007,10,7,2,29,8,64,5.08,"жагъ , РзБЉ"
2017-08-14,31,26,22,23,22,20,100,77,45,1009,1008,1006,23,8,3,18,6,-,0.51,"жагъ , РзБЉ"
2017-08-15,31,27,23,24,23,21,94,79,57,1007,1006,1004,8,7,5,18,6,-,0,
2017-08-16,32,26,21,24,22,19,100,85,46,1008,1006,1003,18,6,3,32,6,55,5.08,"жагъ , РзБЉ"
2017-08-17,31,26,20,22,20,19,100,73,44,1009,1008,1006,27,11,3,14,6,-,0,
2017-08-18,30,26,22,23,22,21,100,85,59,1011,1010,1009,10,6,2,35,6,35,11.94,"жагъ , РзБЉ"
2017-08-19,30,26,22,22,22,21,100,83,57,1012,1010,1008,10,7,2,14,5,-,2.03,жагъ
2017-08-20,30,26,22,23,22,21,100,80,52,1010,1008,1005,8,5,2,6,5,-,0,
2017-08-21,34,29,24,24,23,22,100,75,53,1006,1005,1003,7,5,3,14,6,-,0,жагъ
2017-08-22,30,27,23,26,24,23,100,86,63,1009,1007,1006,10,5,2,21,6,-,6.1,жагъ
2017-08-23,33,28,24,25,22,17,100,75,29,1007,1006,1004,31,9,0,29,10,55,29.97,жагъ
2017-08-24,32,26,19,24,16,4,100,57,10,1011,1009,1007,31,20,3,35,10,47,0,
2017-08-25,32,23,15,15,11,3,88,45,10,1013,1011,1010,31,25,14,21,11,43,0,
2017-08-26,28,21,15,17,14,11,94,58,34,1016,1014,1013,31,19,13,14,8,-,0,
2017-08-27,24,20,17,17,16,12,100,85,47,1015,1014,1012,31,8,2,35,11,58,16,жагъ
2017-08-28,28,22,17,18,14,8,100,66,22,1019,1015,1012,31,9,2,29,8,-,0,жагъ
2017-08-29,28,20,13,15,11,6,94,57,24,1021,1018,1014,31,19,6,26,8,-,0,
2017-08-30,28,21,15,19,16,13,100,72,48,1015,1013,1011,14,10,6,11,6,-,0,
2017-08-31,28,23,19,20,18,17,94,75,52,1015,1013,1011,8,5,2,18,8,-,0,жагъ
2017-09-01,28,23,18,20,19,17,100,79,57,1013,1012,1010,6,3,2,21,6,-,0,
2017-09-02,29,24,20,21,19,18,94,75,46,1013,1012,1010,14,4,2,18,6,-,0,
2017-09-03,29,23,17,19,17,16,100,71,41,1014,1012,1010,10,7,3,21,8,-,0,
2017-09-04,28,24,20,20,18,15,94,70,39,1012,1011,1009,13,5,2,18,8,-,0,
2017-09-05,31,26,20,20,14,4,94,54,11,1010,1009,1007,31,9,2,32,11,50,0,жагъ
2017-09-06,32,24,17,16,13,4,88,54,15,1009,1007,1005,31,20,10,14,6,29,0,
2017-09-07,32,23,16,21,17,12,94,66,29,1007,1006,1004,23,7,2,11,6,-,0,
2017-09-08,32,26,19,23,21,19,100,76,43,1010,1007,1006,7,4,2,18,6,32,0,
2017-09-09,29,26,23,23,21,19,94,74,46,1012,1010,1008,11,6,2,21,11,-,0,
2017-09-10,25,22,19,22,21,18,100,88,59,1011,1010,1009,10,4,2,18,6,-,3.05,"жагъ , РзБЉ"
2017-09-11,30,23,16,19,13,4,100,63,12,1014,1012,1010,31,15,2,21,8,32,0,
2017-09-12,30,21,13,18,13,8,100,63,15,1017,1016,1014,31,17,6,14,6,-,0,
2017-09-13,30,24,18,21,18,16,94,72,42,1020,1018,1016,8,6,3,14,5,-,0,
2017-09-14,30,24,19,20,17,12,100,68,29,1019,1017,1016,19,7,2,18,6,-,0,
2017-09-15,28,23,18,19,17,13,94,71,31,1019,1017,1015,23,7,5,11,5,-,0,жагъ
2017-09-16,29,23,17,20,18,16,100,80,41,1015,1013,1010,8,5,2,11,5,26,0,жагъ
2017-09-17,30,21,13,17,9,1,94,50,9,1015,1012,1008,31,22,8,14,8,-,0,
2017-09-18,31,22,13,17,12,8,100,60,20,1008,1006,1002,23,13,3,14,6,26,0,
2017-09-19,31,22,13,14,6,-4,94,44,7,1014,1010,1006,31,22,10,35,13,50,0,
2017-09-20,28,19,10,13,8,3,94,49,14,1016,1014,1011,31,19,3,14,6,-,0,
2017-09-21,29,21,13,17,14,11,100,67,29,1012,1008,1003,11,8,6,32,6,50,0,
2017-09-22,28,20,13,15,6,-2,77,38,7,1012,1009,1005,31,16,6,35,13,47,0,
2017-09-23,28,19,11,17,12,6,94,64,30,1014,1011,1008,10,8,6,14,5,-,0,
2017-09-24,30,23,16,19,16,10,94,65,29,1013,1010,1008,11,7,3,18,8,35,0,
2017-09-25,28,24,20,21,18,13,100,71,46,1013,1011,1009,16,6,3,18,8,35,0,РзБЉ
2017-09-26,22,18,13,21,14,7,100,73,34,1017,1014,1010,31,9,2,21,10,40,0,жагъ
2017-09-27,21,16,11,13,11,4,100,74,42,1019,1016,1013,18,11,6,11,5,-,0,
2017-09-28,24,14,6,5,-6,-10,70,22,6,1019,1016,1013,31,26,16,29,14,47,0,
2017-09-29,26,16,6,12,7,2,94,58,15,1014,1012,1010,11,9,5,11,5,-,0,
2017-09-30,24,17,10,17,14,9,100,77,52,1016,1014,1011,8,5,2,14,5,-,0,
2017-10-01,27,20,14,16,7,-1,100,48,10,1018,1013,1010,31,8,2,21,10,-,0,
2017-10-02,20,16,11,12,7,-1,100,60,19,1027,1023,1017,31,18,10,14,8,-,0,жагъ
2017-10-03,20,14,9,10,4,-4,100,58,10,1031,1028,1026,31,23,13,11,6,29,0,
2017-10-04,22,13,5,7,5,1,100,59,22,1029,1026,1023,27,14,6,21,8,29,0,
2017-10-05,21,13,6,11,8,5,94,66,33,1023,1021,1018,14,9,6,18,8,35,0,
2017-10-06,23,16,9,12,11,8,100,72,37,1020,1018,1016,13,7,5,14,6,21,0,
2017-10-07,18,14,11,14,12,11,100,87,70,1021,1019,1018,8,3,2,11,5,-,0,жагъ
2017-10-08,18,16,13,15,14,13,100,90,71,1022,1021,1020,4,2,0,11,5,-,2.03,"Юэ , жагъ"
2017-10-09,15,12,10,15,12,8,100,93,79,1028,1024,1021,27,6,0,26,10,32,25.91,"Юэ , жагъ"
2017-10-10,12,10,9,9,8,6,94,85,60,1029,1028,1026,31,13,10,18,10,-,1.02,жагъ
2017-10-11,17,11,6,9,6,1,100,74,25,1029,1027,1026,31,19,8,14,5,26,0,
2017-10-12,16,11,6,8,4,1,100,69,29,1029,1024,1020,31,15,3,18,6,35,0,жагъ
2017-10-13,20,11,3,8,6,2,100,72,27,1025,1023,1020,11,6,2,11,6,-,0,
2017-10-14,15,10,6,9,3,-2,94,60,22,1030,1028,1025,31,14,8,18,10,-,0.51,жагъ
2017-10-15,17,13,9,11,9,8,100,84,51,1031,1028,1026,10,7,2,14,6,-,0.25,жагъ
2017-10-16,18,13,8,10,5,-3,100,64,26,1034,1032,1030,27,9,2,14,8,-,0,
2017-10-17,17,12,8,12,9,7,100,81,54,1031,1029,1026,8,6,2,11,5,-,1.02,жагъ
2017-10-18,14,13,12,12,12,11,100,95,83,1026,1024,1022,5,3,2,11,5,-,2.03,жагъ
2017-10-19,19,14,10,12,11,9,100,85,58,1023,1021,1018,8,4,0,18,6,-,0,Юэ
2017-10-20,19,14,10,13,12,10,100,89,64,1021,1019,1017,6,3,0,11,5,-,0,Юэ
2017-10-21,19,14,9,13,9,3,100,74,35,1024,1022,1019,27,6,0,18,6,-,0,"Юэ , жагъ"
2017-10-22,14,11,8,10,8,4,94,79,43,1025,1024,1023,18,10,6,18,8,-,0,жагъ
2017-10-23,18,11,5,8,6,3,100,70,33,1027,1025,1024,26,10,5,14,6,-,0,
2017-10-24,18,11,4,9,7,4,100,80,43,1027,1025,1023,8,6,2,14,5,32,0,
2017-10-25,15,10,6,11,9,6,100,88,62,1026,1024,1022,5,3,2,11,3,-,0,
2017-10-26,16,12,8,12,10,8,100,91,61,1022,1019,1017,3,2,0,6,3,-,0,Юэ
2017-10-27,18,13,9,11,10,8,100,84,55,1019,1018,1016,4,2,0,11,5,-,0,Юэ
2017-10-28,15,9,4,11,-2,-12,100,51,11,1035,1026,1019,31,7,0,43,14,58,0,Юэ
2017-10-29,15,8,2,-5,-10,-13,52,24,7,1036,1033,1030,31,28,18,29,18,55,0,
2017-10-30,17,8,-1,1,-6,-11,93,44,8,1032,1028,1024,31,17,10,18,10,35,0,
2017-10-31,14,7,0,5,1,-2,100,70,28,1024,1020,1016,11,7,3,11,5,-,0,
2017-11-01,19,11,3,4,2,-5,100,63,14,1021,1019,1017,18,7,2,18,6,-,0,
2017-11-02,20,11,3,5,1,-8,93,53,10,1026,1017,1014,31,9,3,32,8,50,0,
2017-11-03,12,4,-2,3,-5,-11,93,52,12,1036,1032,1026,31,20,5,14,6,-,0,
2017-11-04,14,6,-3,2,-2,-6,100,66,24,1036,1031,1027,14,11,5,14,5,32,0,
2017-11-05,13,7,0,5,2,-1,100,80,37,1027,1023,1021,8,6,2,11,3,-,0,
2017-11-06,15,8,2,6,4,1,100,78,34,1021,1018,1016,5,4,2,11,6,-,0,
2017-11-07,20,11,3,6,-1,-9,100,55,6,1024,1020,1017,29,6,2,35,10,58,0,
2017-11-08,14,7,1,1,-2,-4,93,54,18,1028,1025,1023,31,20,8,14,8,29,0,
2017-11-09,13,7,2,7,4,0,93,76,48,1023,1019,1015,10,7,3,11,5,-,0,
2017-11-10,12,6,0,6,-9,-15,87,29,10,1031,1025,1017,31,29,23,55,24,76,0,
2017-11-11,9,3,-3,-3,-9,-12,86,43,14,1031,1026,1021,31,25,11,18,10,29,0,
2017-11-12,10,3,-3,-2,-4,-7,93,61,18,1020,1017,1014,14,9,5,14,5,26,0,
2017-11-13,12,4,-2,-2,-12,-19,93,34,5,1024,1018,1015,31,18,3,35,16,61,0,
2017-11-14,7,1,-5,-9,-16,-22,68,28,5,1027,1025,1022,31,24,6,32,16,55,0,
2017-11-15,6,-1,-7,-9,-14,-19,80,41,6,1028,1026,1024,31,23,8,14,6,-,0,
2017-11-16,8,1,-5,-6,-9,-13,80,48,14,1026,1022,1019,16,9,6,6,5,-,0,
2017-11-17,6,1,-3,-6,-16,-25,74,30,5,1037,1028,1020,31,23,10,40,19,55,0,
2017-11-18,5,-1,-6,-13,-19,-23,50,22,6,1037,1032,1027,31,22,8,40,21,58,0,
2017-11-19,5,-2,-8,-8,-11,-14,80,54,13,1031,1028,1026,8,7,3,14,5,-,0,
2017-11-20,10,1,-8,-6,-10,-14,86,51,8,1030,1027,1025,10,6,2,14,5,-,0,
2017-11-21,10,2,-6,-5,-8,-15,86,49,11,1025,1021,1017,24,6,3,40,8,58,0,
2017-11-22,8,3,-1,-11,-15,-21,44,24,6,1028,1025,1023,31,28,18,40,21,58,0,
2017-11-23,7,2,-2,-11,-17,-22,37,22,5,1028,1025,1021,31,28,23,43,16,64,0,
2017-11-24,7,3,-1,-12,-16,-19,37,23,6,1028,1024,1020,31,22,10,26,14,40,0,
2017-11-25,9,2,-5,-4,-8,-12,75,52,19,1024,1020,1017,24,12,6,14,5,21,0,
2017-11-26,4,0,-4,-4,-17,-21,80,28,7,1034,1030,1024,31,27,11,50,14,61,0,
2017-11-27,5,-1,-6,-4,-7,-12,93,64,33,1028,1021,1017,10,7,5,11,6,-,0,
2017-11-28,7,1,-5,-5,-14,-24,86,41,4,1035,1026,1017,31,14,3,40,14,61,0,
2017-11-29,1,-3,-8,-14,-20,-25,58,27,6,1038,1035,1033,31,26,11,18,8,26,0,
2017-11-30,4,-3,-10,-13,-17,-22,62,33,5,1037,1034,1031,31,20,10,26,13,50,0,
2017-12-01,6,-2,-10,-10,-13,-16,86,48,10,1032,1030,1026,10,6,3,21,6,-,0,
2017-12-02,6,-2,-9,-5,-9,-12,93,64,23,1026,1023,1020,8,5,2,6,3,-,0,
2017-12-03,6,0,-6,-7,-13,-20,93,38,7,1033,1028,1024,31,14,2,26,11,43,0,
2017-12-04,3,-1,-5,-16,-20,-23,40,22,8,1034,1031,1028,31,29,18,35,19,64,0,
2017-12-05,8,1,-6,-11,-15,-17,63,31,8,1029,1022,1018,27,14,6,32,11,47,0,
2017-12-06,10,1,-8,-10,-13,-16,80,35,7,1025,1021,1018,31,19,6,29,10,50,0,
2017-12-07,5,-1,-6,-9,-15,-18,63,31,10,1035,1030,1025,31,30,27,40,16,55,0,
2017-12-08,9,1,-6,-10,-14,-16,63,33,8,1034,1026,1022,31,16,8,29,11,47,0,
2017-12-09,10,2,-6,-8,-12,-15,74,39,10,1022,1016,1012,23,11,6,43,8,29,0,
2017-12-10,5,0,-4,-12,-17,-21,41,23,6,1026,1022,1017,31,27,14,40,23,55,0,
2017-12-11,0,-3,-6,-15,-21,-26,50,23,4,1035,1031,1026,31,30,29,26,14,-,0,
2017-12-12,-2,-6,-10,-16,-22,-25,62,29,6,1036,1034,1031,31,27,14,18,11,35,0,
2017-12-13,0,-6,-12,-13,-18,-22,67,41,8,1039,1037,1035,23,16,10,14,8,-,0,
2017-12-14,0,-2,-5,-7,-13,-18,71,46,17,1037,1033,1029,11,8,3,14,5,-,0,
2017-12-15,2,-2,-6,-6,-16,-22,81,38,7,1037,1033,1030,31,13,2,32,13,55,0,
2017-12-16,0,-4,-9,-16,-20,-24,53,26,6,1038,1036,1035,31,27,10,40,23,47,0,
2017-12-17,6,-3,-12,-13,-17,-21,79,40,6,1036,1030,1026,26,14,8,21,6,-,0,
2017-12-18,6,-2,-9,-12,-16,-20,73,33,7,1037,1030,1026,31,27,6,40,13,61,0,
2017-12-19,5,-2,-10,-12,-15,-17,68,38,10,1037,1033,1028,31,16,6,21,8,-,0,
2017-12-20,8,0,-8,-10,-12,-14,74,40,9,1032,1030,1028,31,21,6,26,10,47,0,
2017-12-21,9,0,-8,-8,-11,-13,80,49,12,1030,1026,1022,23,9,3,11,5,21,0,
2017-12-22,11,2,-7,-9,-13,-17,80,40,5,1027,1024,1021,31,14,3,26,10,43,0,
2017-12-23,6,-1,-7,-9,-12,-15,74,41,14,1026,1023,1020,14,9,6,11,5,-,0,
2017-12-24,6,2,-1,-10,-16,-23,48,24,7,1030,1024,1020,31,26,16,47,19,64,0,
2017-12-25,5,-2,-8,-13,-16,-21,58,32,8,1029,1026,1022,31,19,6,29,10,35,0,
2017-12-26,4,-1,-6,-7,-13,-18,74,38,14,1033,1031,1028,31,20,10,18,10,-,0,
2017-12-27,2,-3,-8,-5,-7,-10,93,73,41,1031,1028,1024,8,7,3,14,6,-,0,
2017-12-28,3,-3,-9,-3,-7,-11,93,73,46,1030,1028,1026,8,6,0,11,6,-,0,
2017-12-29,-2,-6,-10,-3,-6,-11,100,91,77,1033,1031,1028,5,2,0,11,3,-,0,"Юэ , жабЉ"
2017-12-30,7,1,-5,-2,-11,-21,100,57,6,1032,1029,1027,26,3,0,32,6,58,0,Юэ
2017-12-31,6,-2,-10,-11,-15,-19,73,42,8,1029,1026,1023,18,8,5,14,5,-,0,
